{
    "os": "Windows-10-10.0.18362-SP0",
    "python": "3.8.5",
    "heartbeatAt": "2021-01-11T11:50:28.623186",
    "startedAt": "2021-01-11T11:50:19.291307",
    "docker": null,
    "cpu_count": 4,
    "cuda": null,
    "args": [
        "-f",
        "C:\\Users\\mirash\\AppData\\Roaming\\jupyter\\runtime\\kernel-1302322c-78db-4f49-9774-ff1aae725803.json"
    ],
    "state": "running",
    "program": "<python with no main file>",
    "host": "AMAL",
    "username": "mirash",
    "executable": "C:\\ProgramData\\Anaconda3\\python.exe"
}
