class,bruises,cap-surface,gill-color,gill-size,gill-spacing,habitat,odor,population,ring-number,ring-type,spore-print-color,stalk-color-above-ring,stalk-shape,stalk-surface-above-ring,stalk-surface-below-ring
e,t,s,k,b,c,g,a,n,o,p,n,w,e,s,s
e,t,s,n,b,c,m,l,n,o,p,n,w,e,s,s
e,f,s,k,b,w,g,n,a,o,e,n,w,t,s,s
e,t,y,n,b,c,g,a,n,o,p,k,w,e,s,s
e,t,s,g,b,c,m,a,n,o,p,k,w,e,s,s
e,t,y,n,b,c,m,l,s,o,p,n,w,e,s,s
e,t,s,g,b,c,m,a,s,o,p,k,w,e,s,s
e,t,y,g,b,c,g,l,n,o,p,n,w,e,s,s
e,t,y,n,b,c,m,a,s,o,p,k,w,e,s,s
e,t,s,w,b,c,g,a,s,o,p,n,w,e,s,s
