class,bruises,cap-surface,gill-color,gill-size,gill-spacing,habitat,odor,population,ring-number,ring-type,spore-print-color,stalk-color-above-ring,stalk-shape,stalk-surface-above-ring,stalk-surface-below-ring
p,t,s,k,n,c,u,p,s,o,p,k,w,e,s,s
p,t,y,n,n,c,u,p,s,o,p,k,w,e,s,s
p,t,y,p,n,c,g,p,v,o,p,k,w,e,s,s
p,t,y,k,n,c,u,p,v,o,p,n,w,e,s,s
p,t,s,n,n,c,g,p,s,o,p,k,w,e,s,s
p,t,y,n,n,c,u,p,s,o,p,n,w,e,s,s
p,t,s,k,n,c,u,p,s,o,p,n,w,e,s,s
p,t,y,n,n,c,g,p,v,o,p,n,w,e,s,s
p,t,s,n,n,c,g,p,v,o,p,n,w,e,s,s
p,t,y,k,n,c,u,p,s,o,p,n,w,e,s,s
